Composite(AbPC,Sensitivity),Gradient,-0.13275601615830013
Composite(AbPC,Sensitivity),GradientXInput,0.6121885903160021
Composite(AbPC,Sensitivity),IntegratedGradients,0.6149769802936368
Composite(AbPC,Sensitivity),KernelShap,0.39283116061086715
Composite(AbPC,Sensitivity),Lime,0.4360988759701455
Composite(AbPC,Sensitivity),LRPEpsilonAlpha2Beta1,-4.5477132251759285
Composite(AbPC,Sensitivity),LRPEpsilonGammaBox,-4.05752098407266
Composite(AbPC,Sensitivity),LRPEpsilonPlus,-3.95316166471268
Composite(AbPC,Sensitivity),LRPUniformEpsilon,0.4849644556798571
Composite(AbPC,Sensitivity),SmoothGrad,-0.10867527850982885
Composite(AbPC,Sensitivity),VarGrad,0.33236840060037987
Composite(AbPC,Complexity,Sensitivity),Gradient,-0.5120958606201478
Composite(AbPC,Complexity,Sensitivity),GradientXInput,0.20964626277141973
Composite(AbPC,Complexity,Sensitivity),IntegratedGradients,0.2125903146419435
Composite(AbPC,Complexity,Sensitivity),KernelShap,-0.0263072745359394
Composite(AbPC,Complexity,Sensitivity),Lime,0.09411712860830841
Composite(AbPC,Complexity,Sensitivity),LRPEpsilonAlpha2Beta1,-4.4470161191850925
Composite(AbPC,Complexity,Sensitivity),LRPEpsilonGammaBox,-4.989636193381997
Composite(AbPC,Complexity,Sensitivity),LRPEpsilonPlus,-4.527788235520563
Composite(AbPC,Complexity,Sensitivity),LRPUniformEpsilon,0.1371347552150671
Composite(AbPC,Complexity,Sensitivity),SmoothGrad,-0.5054592903608601
Composite(AbPC,Complexity,Sensitivity),VarGrad,0.06162603832274361
