Composite(AbPC,Sensitivity),Gradient,-0.12133373912093512
Composite(AbPC,Sensitivity),GradientXInput,-0.11755619164068935
Composite(AbPC,Sensitivity),IntegratedGradients,-0.04469196317048115
Composite(AbPC,Sensitivity),KernelShap,-0.18225800819675372
Composite(AbPC,Sensitivity),Lime,-0.11682745489873207
Composite(AbPC,Sensitivity),LRPEpsilonAlpha2Beta1,0.0641968685338851
Composite(AbPC,Sensitivity),LRPEpsilonGammaBox,0.07638641297359337
Composite(AbPC,Sensitivity),LRPEpsilonPlus,0.10815419994549755
Composite(AbPC,Sensitivity),LRPUniformEpsilon,-0.13007482444120144
Composite(AbPC,Sensitivity),SmoothGrad,-0.092262979933732
Composite(AbPC,Sensitivity),VarGrad,0.07416184822831685
Composite(AbPC,Complexity,Sensitivity),Gradient,-0.44337743679037
Composite(AbPC,Complexity,Sensitivity),GradientXInput,-0.3441579174561078
Composite(AbPC,Complexity,Sensitivity),IntegratedGradients,-0.3198856931514733
Composite(AbPC,Complexity,Sensitivity),KernelShap,-0.4641140650719064
Composite(AbPC,Complexity,Sensitivity),Lime,-0.3029738615501649
Composite(AbPC,Complexity,Sensitivity),LRPEpsilonAlpha2Beta1,-0.22087499421806164
Composite(AbPC,Complexity,Sensitivity),LRPEpsilonGammaBox,-0.27996994511496615
Composite(AbPC,Complexity,Sensitivity),LRPEpsilonPlus,-0.24576506038262616
Composite(AbPC,Complexity,Sensitivity),LRPUniformEpsilon,-0.5709144814010249
Composite(AbPC,Complexity,Sensitivity),SmoothGrad,-0.404672051111892
Composite(AbPC,Complexity,Sensitivity),VarGrad,-0.268832696050641
